Title,Source,Date,Url,Category,Ticker,Title_Sentiment,Content_Sentiment,Combined_Sentiment
"Exclusive-Blackstone in advanced talks to acquire shopping center owner Retail Opportunity, sources say",Reuters,11/3/2024,https://finance.yahoo.com/news/exclusive-blackstone-advanced-talks-acquire-232722081.html,Stock,BX,0.3899,0.8482,0.71071
"Exclusive-Blackstone in advanced talks to acquire shopping center owner Retail Opportunity, sources say",Reuters,11/3/2024,https://finance.yahoo.com/news/exclusive-blackstone-advanced-talks-acquire-232722081.html,Stock,ROIC,0.3899,0.8482,0.71071
3 Top Dividend-Paying Utility Stocks to Buy in November,Motley Fool,11/3/2024,https://finance.yahoo.com/m/179f861a-8204-3370-9c50-6ac32ec06741/3-top-dividend-paying-utility.html,Stock,BKH,0.0232,0.9979,0.70549
3 Top Dividend-Paying Utility Stocks to Buy in November,Motley Fool,11/3/2024,https://finance.yahoo.com/m/179f861a-8204-3370-9c50-6ac32ec06741/3-top-dividend-paying-utility.html,Stock,ES,0.0232,0.9979,0.70549
"1 Monster Stock That Turned $10,000 Into Almost $5.6 Million in 20 Years",Motley Fool,11/3/2024,https://finance.yahoo.com/m/5e85977f-163a-3b65-b62c-a3281089fe60/1-monster-stock-that-turned.html,Stock,NFLX,-0.0116,0.9968,0.6942799999999999
NESR Successfully Deploys ROYA Platform & Secures Drilling Awards Exceeding $200 Million,ACCESSWIRE,11/3/2024,https://www.accesswire.com/viewarticle.aspx?id=938460,Stock,NESR,0.7833,0.9895,0.92764
Tesla (TSLA) Stock: A Risky Bet on Future Promises?,Insider Monkey,11/3/2024,https://www.insidermonkey.com/blog/tesla-tsla-stock-a-risky-bet-on-future-promises-1384755/,Stock,TSLA,0.0258,0.9967,0.70543
Analyst Warns of Increased Competition for Qualcomm (QCOM) and Synaptics (SYNA),Insider Monkey,11/3/2024,https://www.insidermonkey.com/blog/analyst-warns-of-increased-competition-for-qualcomm-qcom-and-synaptics-syna-1384756/,Stock,QCOM,0.2732,0.9963,0.77937
Analyst Warns of Increased Competition for Qualcomm (QCOM) and Synaptics (SYNA),Insider Monkey,11/3/2024,https://www.insidermonkey.com/blog/analyst-warns-of-increased-competition-for-qualcomm-qcom-and-synaptics-syna-1384756/,Stock,SYNA,0.2732,0.9963,0.77937
Analyst Sees Massive Potential in Broadcom (AVGO)'s AI Business,Insider Monkey,11/3/2024,https://www.insidermonkey.com/blog/analyst-sees-massive-potential-in-broadcom-avgos-ai-business-1384758/,Stock,AVGO,0.0284,0.998,0.70712
"This election is so divisive, some companies have gone silent even on basic civics",CNN Business,11/3/2024,https://finance.yahoo.com/m/dcda8bb4-3e44-3252-a785-3694a4f4699d/this-election-is-so-divisive%2C.html,Stock,NKE,0.0679,0.9605,0.69272
Is Alphabet (GOOGL) Stock Undervalued? A Deep Dive into Its Diversified Business,Insider Monkey,11/3/2024,https://finance.yahoo.com/news/alphabet-googl-stock-undervalued-deep-214553029.html,Stock,GOOG,-0.0103,0.9973,0.6950199999999999
Is Alphabet (GOOGL) Stock Undervalued? A Deep Dive into Its Diversified Business,Insider Monkey,11/3/2024,https://www.insidermonkey.com/blog/is-alphabet-googl-stock-undervalued-a-deep-dive-into-its-diversified-business-1384759/,Stock,GOOGL,-0.0103,0.9975,0.69516
USANA Helps to Feed Australians in Need Through Donations and Service,PR Newswire,11/3/2024,https://finance.yahoo.com/news/usana-helps-feed-australians-donations-214400075.html,Stock,USNA,0.3849,0.8557,0.71446
Nvidia (NVDA) Stock's AI-Powered Future: A $1 Trillion Opportunity?,Insider Monkey,11/3/2024,https://www.insidermonkey.com/blog/nvidia-nvda-stocks-ai-powered-future-a-1-trillion-opportunity-1384760/,Stock,NVDA,0.3612,0.9979,0.80689
"Nvidia Stock Rises; AI Giant To Join Dow Jones Industrial Average, Replacing Intel",Investor's Business Daily,11/3/2024,https://finance.yahoo.com/m/42620705-46de-3f72-ab80-dfe4e6300db7/nvidia-stock-rises%3B-ai-giant.html,Stock,INTC,0.5775,0.306,0.3874499999999999
"Nvidia Stock Rises; AI Giant To Join Dow Jones Industrial Average, Replacing Intel",Investor's Business Daily,11/3/2024,https://finance.yahoo.com/m/42620705-46de-3f72-ab80-dfe4e6300db7/nvidia-stock-rises%3B-ai-giant.html,Stock,VST,0.5775,0.306,0.3874499999999999
"Nvidia Stock Rises; AI Giant To Join Dow Jones Industrial Average, Replacing Intel",Investor's Business Daily,11/3/2024,https://finance.yahoo.com/m/42620705-46de-3f72-ab80-dfe4e6300db7/nvidia-stock-rises%3B-ai-giant.html,Stock,AES,0.5775,0.306,0.3874499999999999
"Nvidia Stock Rises; AI Giant To Join Dow Jones Industrial Average, Replacing Intel",Investor's Business Daily,11/3/2024,https://finance.yahoo.com/m/42620705-46de-3f72-ab80-dfe4e6300db7/nvidia-stock-rises%3B-ai-giant.html,Stock,CHWY,0.5775,0.306,0.3874499999999999
"Nvidia Stock Rises; AI Giant To Join Dow Jones Industrial Average, Replacing Intel",Investor's Business Daily,11/3/2024,https://finance.yahoo.com/m/42620705-46de-3f72-ab80-dfe4e6300db7/nvidia-stock-rises%3B-ai-giant.html,Stock,NVDA,0.5775,0.306,0.3874499999999999
"Nvidia To Join Dow Jones Industrial Average, Replacing Intel",Investor's Business Daily,11/3/2024,https://finance.yahoo.com/m/42620705-46de-3f72-ab80-dfe4e6300db7/nvidia-to-join-dow-jones.html,Stock,NVDA,0.296,0.306,0.3029999999999999
"Nvidia To Join Dow Jones Industrial Average, Replacing Intel",Investor's Business Daily,11/3/2024,https://finance.yahoo.com/m/42620705-46de-3f72-ab80-dfe4e6300db7/nvidia-to-join-dow-jones.html,Stock,CHWY,0.296,0.306,0.3029999999999999
"Nvidia To Join Dow Jones Industrial Average, Replacing Intel",Investor's Business Daily,11/3/2024,https://finance.yahoo.com/m/42620705-46de-3f72-ab80-dfe4e6300db7/nvidia-to-join-dow-jones.html,Stock,AES,0.296,0.306,0.3029999999999999
"Nvidia To Join Dow Jones Industrial Average, Replacing Intel",Investor's Business Daily,11/3/2024,https://finance.yahoo.com/m/42620705-46de-3f72-ab80-dfe4e6300db7/nvidia-to-join-dow-jones.html,Stock,VST,0.296,0.306,0.3029999999999999
"Nvidia To Join Dow Jones Industrial Average, Replacing Intel",Investor's Business Daily,11/3/2024,https://finance.yahoo.com/m/42620705-46de-3f72-ab80-dfe4e6300db7/nvidia-to-join-dow-jones.html,Stock,INTC,0.296,0.306,0.3029999999999999
Tesla Tumbles Below Buy Point; BYD Eyes BEV Crown As Revenue Tops U.S. Rival's,Investor's Business Daily,11/3/2024,https://finance.yahoo.com/m/29c92e28-b5ab-392e-8f22-ae525864f9e8/tesla-tumbles-below-buy.html,Stock,TSLA,0.2394,0.0477,0.10521
Nuclear Power Stocks Fall On This Regulatory Move With Earnings Due,Investor's Business Daily,11/3/2024,https://finance.yahoo.com/m/cc13b41e-0e84-3e9b-ad05-a3899e124080/nuclear-power-stocks-fall-on.html,Stock,SMR,-0.3474,-0.5934,-0.5196000000000001
Nuclear Power Stocks Fall On This Regulatory Move With Earnings Due,Investor's Business Daily,11/3/2024,https://finance.yahoo.com/m/cc13b41e-0e84-3e9b-ad05-a3899e124080/nuclear-power-stocks-fall-on.html,Stock,TLN,-0.3474,-0.5934,-0.5196000000000001
Nuclear Power Stocks Fall On This Regulatory Move With Earnings Due,Investor's Business Daily,11/3/2024,https://finance.yahoo.com/m/cc13b41e-0e84-3e9b-ad05-a3899e124080/nuclear-power-stocks-fall-on.html,Stock,NNE,-0.3474,-0.5934,-0.5196000000000001
Nuclear Power Stocks Fall On This Regulatory Move With Earnings Due,Investor's Business Daily,11/3/2024,https://finance.yahoo.com/m/cc13b41e-0e84-3e9b-ad05-a3899e124080/nuclear-power-stocks-fall-on.html,Stock,CEG,-0.3474,-0.5934,-0.5196000000000001
Nuclear Power Stocks Fall On This Regulatory Move With Earnings Due,Investor's Business Daily,11/3/2024,https://finance.yahoo.com/m/cc13b41e-0e84-3e9b-ad05-a3899e124080/nuclear-power-stocks-fall-on.html,Stock,OKLO,-0.3474,-0.5934,-0.5196000000000001
Nuclear Power Stocks Fall On This Regulatory Move With Earnings Due,Investor's Business Daily,11/3/2024,https://finance.yahoo.com/m/cc13b41e-0e84-3e9b-ad05-a3899e124080/nuclear-power-stocks-fall-on.html,Stock,VST,-0.3474,-0.5934,-0.5196000000000001
iPhone 16's Impact on Apple (AAPL)'s Market Share: A Mixed Bag,Insider Monkey,11/3/2024,https://www.insidermonkey.com/blog/iphone-16s-impact-on-apple-aapls-market-share-a-mixed-bag-1384761/,Stock,AAPL,0.0026,0.9939,0.69651
The $600 Question: Can Meta Platforms' (META) AI Strategy Deliver?,Insider Monkey,11/3/2024,https://www.insidermonkey.com/blog/the-600-question-can-meta-platforms-meta-ai-strategy-deliver-1384762/,Stock,META,0.3664,0.9982,0.8086599999999999
Analyst Warns of Microsoft's (MSFT) Rising Costs and Declining Competitive Edge,Insider Monkey,11/3/2024,https://www.insidermonkey.com/blog/analyst-warns-of-microsofts-msft-rising-costs-and-declining-competitive-edge-1384763/,Stock,MSFT,-0.1015,0.9982,0.6682899999999999
"Complete Solar to Report Third Quarter Financial and Operational Results on November 13, 2024",GlobeNewswire,11/3/2024,https://www.globenewswire.com/news-release/2024/11/03/2973694/0/en/Complete-Solar-to-Report-Third-Quarter-Financial-and-Operational-Results-on-November-13-2024.html,Stock,CSLR,0.0103,0.7499,0.52802
Belite Bio Announces Exercise of Warrants for US$28.75 Million Gross Proceeds,GlobeNewswire,11/3/2024,https://www.globenewswire.com/news-release/2024/11/03/2973692/0/en/Belite-Bio-Announces-Exercise-of-Warrants-for-US-28-75-Million-Gross-Proceeds.html,Stock,BLTE,0.0,0.961,0.6727
"Exclusive-Stonepeak nears $3.1 billion deal for aircraft lessor ATSG, sources say",Reuters,11/3/2024,https://finance.yahoo.com/news/exclusive-stonepeak-nears-3-1-200444146.html,Stock,ATSG,0.0103,0.9055,0.63694
"MercadoLibre, Inc. (MELI): Among The Best Consumer Cyclical Stocks To Buy According to Hedge Funds",Insider Monkey,11/3/2024,https://www.insidermonkey.com/blog/mercadolibre-inc-meli-among-the-best-consumer-cyclical-stocks-to-buy-according-to-hedge-funds-1384707/,Stock,MELI,0.3747,0.9947,0.8087
TRIUMPH POSTPONES SECOND QUARTER FISCAL 2025 RESULTS AND INVESTOR CONFERENCE CALL TO REFLECT INTERIORS PRICE AGREEMENT WITH BOEING COMMERCIAL AIRPLANES,PR Newswire,11/3/2024,https://www.prnewswire.com/news-releases/triumph-postpones-second-quarter-fiscal-2025-results-and-investor-conference-call-to-reflect-interiors-price-agreement-with-boeing-commercial-airplanes-302294820.html,Stock,TGI,-0.6278,0.8195,0.38531
"Is Tesla, Inc. (TSLA) The Best Consumer Cyclical Stocks To Buy According to Hedge Funds?",Insider Monkey,11/3/2024,https://finance.yahoo.com/news/tesla-inc-tsla-best-consumer-195730616.html,Stock,TSLA,0.3747,0.9851,0.8019799999999999
"Is The Home Depot, Inc. (HD) The Best Consumer Cyclical Stocks To Buy According to Hedge Funds?",Insider Monkey,11/3/2024,https://finance.yahoo.com/news/home-depot-inc-hd-best-195548088.html,Stock,HD,0.3747,0.9867,0.8031
Is PDD Holdings Inc. (PDD) The Best Consumer Cyclical Stocks To Buy According to Hedge Funds?,Insider Monkey,11/3/2024,https://finance.yahoo.com/news/pdd-holdings-inc-pdd-best-195350863.html,Stock,PDD,0.3747,0.9973,0.8105199999999999
Alibaba Group Holding Limited (BABA): Among The Best Consumer Cyclical Stocks To Buy According to Hedge Funds,Insider Monkey,11/3/2024,https://finance.yahoo.com/news/alibaba-group-holding-limited-baba-195200165.html,Stock,BABA,0.1692,0.9926,0.74558
Booking Holdings Inc. (BKNG): Among The Best Consumer Cyclical Stocks To Buy According to Hedge Funds,Insider Monkey,11/3/2024,https://finance.yahoo.com/news/booking-holdings-inc-bkng-among-194941317.html,Stock,BKNG,0.3747,0.992,0.8068099999999999
Is It Time to Buy October's Worst-Performing Dow Jones Stocks?,Motley Fool,11/3/2024,https://finance.yahoo.com/m/fee46189-d0b8-30aa-aac8-7e067f94ff52/is-it-time-to-buy-october%27s.html,Stock,NKE,0.009,0.988,0.6943
"Berkshire Hathaway Reports Decline In Q3 Operating Earnings, Further Reduces Apple Stake",Benzinga,11/3/2024,https://finance.yahoo.com/news/berkshire-hathaway-reports-decline-q3-191512999.html,Stock,KHC,-0.3612,0.8948,0.518
Where Will Coinbase Be in a Year?,Motley Fool,11/3/2024,https://finance.yahoo.com/m/5619f78c-949b-35f8-8b9e-96ef887ded8f/where-will-coinbase-be-in-a.html,Stock,COIN,0.0,0.9967,0.69769
Solventum Corporation (SOLV): A Promising Medical Stock with Growth Potential,Insider Monkey,11/3/2024,https://www.insidermonkey.com/blog/solventum-corporation-solv-a-promising-medical-stock-with-growth-potential-1383777/,Stock,SOLV,0.3828,0.9818,0.8020999999999999
"Is a Globus Medical, Inc. (GMED) Promising Medical Stock with Growth Potential?",Insider Monkey,11/3/2024,https://www.insidermonkey.com/blog/is-a-globus-medical-inc-gmed-promising-medical-stock-with-growth-potential-1383778/,Stock,GMED,0.3828,0.9975,0.81309
Where Will Dutch Bros Stock Be in 3 Years?,Motley Fool,11/3/2024,https://finance.yahoo.com/m/33e8c9bd-d5f2-35e4-bde3-0279c70ef0e1/where-will-dutch-bros-stock.html,Stock,BROS,0.0,0.9988,0.69916
Is a LivaNova PLC (LIVN) Promising Medical Stock with Growth Potential?,Insider Monkey,11/3/2024,https://www.insidermonkey.com/blog/is-a-livanova-plc-livn-promising-medical-stock-with-growth-potential-1383779/,Stock,LIVN,0.3828,0.9938,0.8104999999999999
"Becton, Dickinson and Company (BDX): Expanding Innovations in Medical Technology",Insider Monkey,11/3/2024,https://www.insidermonkey.com/blog/becton-dickinson-and-company-bdx-expanding-innovations-in-medical-technology-1383782/,Stock,BDX,0.3612,0.9926,0.80318
GE Healthcare (GEHC): Expanding Innovations in Medical Technology,Insider Monkey,11/3/2024,https://www.insidermonkey.com/blog/ge-healthcare-gehc-expanding-innovations-in-medical-technology-1383780/,Stock,GEHC,0.3612,0.9979,0.80689
Buy These 3 High-Yield Dividend Stocks Today and Sleep Soundly for a Decade,Motley Fool,11/3/2024,https://finance.yahoo.com/m/39e73445-7dad-3bea-b61b-110bffbecc33/buy-these-3-high-yield.html,Stock,UPS,0.009,0.9963,0.70011
Teslas Stock Faces a New Risk: A Trump Defeat,Barrons.com,11/3/2024,https://finance.yahoo.com/m/27a4fedb-6350-3935-a0d7-92574bf38685/tesla%E2%80%99s-stock-faces-a-new.html,Stock,TSLA,-0.3705,0.3674,0.1460299999999999
"Granite Ridge Resources, Inc. (GRNT): A Bull Case Theory",Insider Monkey,11/3/2024,https://www.insidermonkey.com/blog/granite-ridge-resources-inc-grnt-a-bull-case-theory-1365004/,Stock,GRNT,0.0,0.9928,0.69496
Musks Tesla hits out at Biden ban on Chinese car tech,The Telegraph,11/3/2024,https://finance.yahoo.com/m/d2f1cf4b-4e81-3d22-bf6d-992ec5e199a5/musk%E2%80%99s-tesla-hits-out-at.html,Stock,TSLA,-0.0116,-0.8363,-0.58889
"Is Chipotle a Buy, Sell, or Hold in 2025?",Motley Fool,11/3/2024,https://finance.yahoo.com/m/807363d1-15be-339c-bff1-a745430d0af2/is-chipotle-a-buy%2C-sell%2C-or.html,Stock,CMG,0.0129,0.995,0.70037
Huge News for Investors In This Artificial Intelligence (AI) Stock,Motley Fool,11/3/2024,https://finance.yahoo.com/m/7ca79329-6677-30d8-8107-836c1657a4bd/huge-news-for-investors-in.html,Stock,TSM,0.4758,0.996,0.8399399999999999
The new Starbucks strategy: Will CEO Brian Niccols plan work?,Fox Business,11/3/2024,https://finance.yahoo.com/m/7c63d3c0-0735-3d83-8f41-d120050fadaf/the-new-starbucks-strategy%3A.html,Stock,SBUX,0.0181,0.7818,0.55269
2024 election: Top portfolio plays for a Trump or Harris victory,Yahoo Finance,11/3/2024,https://finance.yahoo.com/news/2024-election-top-portfolio-plays-for-a-trump-or-harris-victory-171809111.html,Stock,ROST,0.2801,0.9882,0.77577
2024 election: Top portfolio plays for a Trump or Harris victory,Yahoo Finance,11/3/2024,https://finance.yahoo.com/news/2024-election-top-portfolio-plays-for-a-trump-or-harris-victory-171809111.html,Stock,V,0.2801,0.9882,0.77577
2024 election: Top portfolio plays for a Trump or Harris victory,Yahoo Finance,11/3/2024,https://finance.yahoo.com/news/2024-election-top-portfolio-plays-for-a-trump-or-harris-victory-171809111.html,Stock,CVS,0.2801,0.9882,0.77577
2024 election: Top portfolio plays for a Trump or Harris victory,Yahoo Finance,11/3/2024,https://finance.yahoo.com/news/2024-election-top-portfolio-plays-for-a-trump-or-harris-victory-171809111.html,Stock,DHI,0.2801,0.9882,0.77577
2024 election: Top portfolio plays for a Trump or Harris victory,Yahoo Finance,11/3/2024,https://finance.yahoo.com/news/2024-election-top-portfolio-plays-for-a-trump-or-harris-victory-171809111.html,Stock,GM,0.2801,0.9882,0.77577
2024 election: Top portfolio plays for a Trump or Harris victory,Yahoo Finance,11/3/2024,https://finance.yahoo.com/news/2024-election-top-portfolio-plays-for-a-trump-or-harris-victory-171809111.html,Stock,STLA,0.2801,0.9882,0.77577
2024 election: Top portfolio plays for a Trump or Harris victory,Yahoo Finance,11/3/2024,https://finance.yahoo.com/news/2024-election-top-portfolio-plays-for-a-trump-or-harris-victory-171809111.html,Stock,UNH,0.2801,0.9882,0.77577
2024 election: Top portfolio plays for a Trump or Harris victory,Yahoo Finance,11/3/2024,https://finance.yahoo.com/news/2024-election-top-portfolio-plays-for-a-trump-or-harris-victory-171809111.html,Stock,XHB,0.2801,0.9882,0.77577
2024 election: Top portfolio plays for a Trump or Harris victory,Yahoo Finance,11/3/2024,https://finance.yahoo.com/news/2024-election-top-portfolio-plays-for-a-trump-or-harris-victory-171809111.html,Stock,BURL,0.2801,0.9882,0.77577
2024 election: Top portfolio plays for a Trump or Harris victory,Yahoo Finance,11/3/2024,https://finance.yahoo.com/news/2024-election-top-portfolio-plays-for-a-trump-or-harris-victory-171809111.html,Stock,F,0.2801,0.9882,0.77577
2024 election: Top portfolio plays for a Trump or Harris victory,Yahoo Finance,11/3/2024,https://finance.yahoo.com/news/2024-election-top-portfolio-plays-for-a-trump-or-harris-victory-171809111.html,Stock,HUM,0.2801,0.9882,0.77577
2024 election: Top portfolio plays for a Trump or Harris victory,Yahoo Finance,11/3/2024,https://finance.yahoo.com/news/2024-election-top-portfolio-plays-for-a-trump-or-harris-victory-171809111.html,Stock,TSLA,0.2801,0.9882,0.77577
Kosmos Energy Ltd. (KOS): Oversold Penny Stock To Invest In Now,Insider Monkey,11/3/2024,https://finance.yahoo.com/news/kosmos-energy-ltd-kos-oversold-171438162.html,Stock,KOS,0.0155,0.9863,0.69506
Jim Cramer Says He Likes LAM Research (LRCX) Very Much,Insider Monkey,11/3/2024,https://finance.yahoo.com/news/jim-cramer-says-likes-lam-171409110.html,Stock,LRCX,0.4772,0.9985,0.8421099999999999
Is ASML Holding N.V. (ASML) Set to Explode in 2025?,Insider Monkey,11/3/2024,https://finance.yahoo.com/news/asml-holding-n-v-asml-171031425.html,Stock,ASML,0.0116,0.9903,0.6966899999999999
Is Snowflake Inc. (SNOW) Set to Explode in 2025?,Insider Monkey,11/3/2024,https://finance.yahoo.com/news/snowflake-inc-snow-set-explode-171014193.html,Stock,SNOW,0.0116,0.9886,0.6955
Why There Is Still Upside with Ford Stock,Motley Fool,11/3/2024,https://finance.yahoo.com/m/aea798a2-70e0-39b5-944c-03d5f948ee86/why-there-is-still-upside.html,Stock,F,0.0077,0.9867,0.6930000000000001
Boston Scientific (BSX): A Promising Medical Stock with Strong Revenue Growth,Insider Monkey,11/3/2024,https://finance.yahoo.com/news/boston-scientific-bsx-promising-medical-170730284.html,Stock,BSX,0.6243,0.9893,0.8797999999999999
Should You Buy Rivian If Shares Fall Below $10?,Motley Fool,11/3/2024,https://finance.yahoo.com/m/6f7de443-d4ea-3f31-a851-afb7899c7a5c/should-you-buy-rivian-if.html,Stock,RIVN,-0.4147,0.9945,0.57174
Should You Buy Rivian If Shares Fall Below $10?,Motley Fool,11/3/2024,https://finance.yahoo.com/m/6f7de443-d4ea-3f31-a851-afb7899c7a5c/should-you-buy-rivian-if.html,Stock,TSLA,-0.4147,0.9945,0.57174
Is Chevron Corporation (CVX) the Best Energy Stock To Buy According to Hedge Funds?,Insider Monkey,11/3/2024,https://finance.yahoo.com/news/chevron-corporation-cvx-best-energy-170434359.html,Stock,CVX,0.3747,0.9435,0.77286
Is eHealth Inc. (EHTH) the Best Insurance Brokerage Stock to Invest in Now?,Insider Monkey,11/3/2024,https://finance.yahoo.com/news/ehealth-inc-ehth-best-insurance-170415955.html,Stock,EHTH,0.3674,0.9917,0.80441
Is Ryan Specialty Holdings Inc. (RYAN) the Best Insurance Brokerage Stock to Invest in Now?,Insider Monkey,11/3/2024,https://finance.yahoo.com/news/ryan-specialty-holdings-inc-ryan-170358172.html,Stock,RYAN,0.3674,0.9968,0.8079799999999999
Is Concentrix Corporation (CNXC) an Oversold NASDAQ Stock to Invest In Now?,Insider Monkey,11/3/2024,https://finance.yahoo.com/news/concentrix-corporation-cnxc-oversold-nasdaq-170336068.html,Stock,CNXC,0.0077,0.996,0.69951
"Avis Budget Group, Inc. (CAR): Among The Oversold NASDAQ Stocks to Invest in Now",Insider Monkey,11/3/2024,https://finance.yahoo.com/news/avis-budget-group-inc-car-170231717.html,Stock,CAR,0.0077,0.9902,0.69545
Sirius XM Holdings Inc. (SIRI): Among The Oversold NASDAQ Stocks to Invest in Now,Insider Monkey,11/3/2024,https://finance.yahoo.com/news/sirius-xm-holdings-inc-siri-170206043.html,Stock,SIRI,0.0077,0.9968,0.70007
"Buffett Keeps Cutting Apple Stake, With Value Down 60% This Year",Bloomberg,11/3/2024,https://finance.yahoo.com/news/buffett-keeps-cutting-apple-stake-170139516.html,Stock,AAPL,-0.3601,-0.9502,-0.7731699999999999
"Is Dollar Tree, Inc. (DLTR) an Oversold NASDAQ Stock to Invest In Now?",Insider Monkey,11/3/2024,https://finance.yahoo.com/news/dollar-tree-inc-dltr-oversold-170134377.html,Stock,DLTR,0.0207,0.9893,0.69872
Meta Platforms Stock Slips Despite Delivering Record Revenue. Is It Time to Buy the Dip?,Motley Fool,11/3/2024,https://finance.yahoo.com/m/51964bef-5aa3-39cd-a6ee-9a6945249ad2/meta-platforms-stock-slips.html,Stock,META,0.6162,0.9961,0.88213
Is It Time to Buy October's Worst-Performing S&P 500 Stocks?,Motley Fool,11/3/2024,https://finance.yahoo.com/m/3e4676ae-da2e-38aa-8c13-201a389f51b1/is-it-time-to-buy-october%27s.html,Stock,SMCI,0.009,-0.996,-0.6944999999999999
2 Sensational Growth Stocks to Buy at a Discount,Motley Fool,11/3/2024,https://finance.yahoo.com/m/89f7eaad-53a4-36eb-8ed7-cab1a4948f39/2-sensational-growth-stocks.html,Stock,O,0.3869,0.9972,0.81411
2 Sensational Growth Stocks to Buy at a Discount,Motley Fool,11/3/2024,https://finance.yahoo.com/m/89f7eaad-53a4-36eb-8ed7-cab1a4948f39/2-sensational-growth-stocks.html,Stock,PFE,0.3869,0.9972,0.81411
QuidelOrtho Corporation (QDEL): Among The Oversold NASDAQ Stocks to Invest in Now?,Insider Monkey,11/3/2024,https://finance.yahoo.com/news/quidelortho-corporation-qdel-among-oversold-162541810.html,Stock,QDEL,0.0077,0.9917,0.6965
"Is Five9, Inc. (FIVN) an Oversold NASDAQ Stock to Invest In Now?",Insider Monkey,11/3/2024,https://finance.yahoo.com/news/five9-inc-fivn-oversold-nasdaq-162528644.html,Stock,FIVN,0.0077,0.9979,0.70084
"Is Walgreens Boots Alliance, Inc. (WBA) an Oversold NASDAQ Stock to Invest In Now?",Insider Monkey,11/3/2024,https://finance.yahoo.com/news/walgreens-boots-alliance-inc-wba-162504838.html,Stock,WBA,0.0181,0.992,0.69983
The Goodyear Tire & Rubber Company (GT): Among The Oversold NASDAQ Stocks to Invest in Now?,Insider Monkey,11/3/2024,https://finance.yahoo.com/news/goodyear-tire-rubber-company-gt-162453754.html,Stock,GT,-0.0013,0.9964,0.6970899999999999
Is ZoomInfo Technologies Inc. (ZI) an Oversold NASDAQ Stock to Buy Now?,Insider Monkey,11/3/2024,https://finance.yahoo.com/news/zoominfo-technologies-inc-zi-oversold-162034498.html,Stock,ZI,0.009,0.9958,0.69976
Is Brown & Brown Inc. (BRO) the Best Insurance Brokerage Stock to Invest in Now?,Insider Monkey,11/3/2024,https://finance.yahoo.com/news/brown-brown-inc-bro-best-161946671.html,Stock,BRO,0.3674,0.9931,0.8053899999999999
Is Arthur J. Gallagher & Co. (AJG) the Best Insurance Brokerage Stock to Invest in Now?,Insider Monkey,11/3/2024,https://finance.yahoo.com/news/arthur-j-gallagher-co-ajg-161935351.html,Stock,AJG,0.3674,0.9893,0.8027299999999999
Is Willis Towers Watson Public Limited Company (WTW) the Best Insurance Brokerage Stock to Invest in Now?,Insider Monkey,11/3/2024,https://finance.yahoo.com/news/willis-towers-watson-public-limited-161922810.html,Stock,WTW,0.1606,0.9882,0.7399199999999999
Is Marsh & McLennan Companies Inc. (MMC) the Best Insurance Brokerage Stock to Invest in Now?,Insider Monkey,11/3/2024,https://finance.yahoo.com/news/marsh-mclennan-companies-inc-mmc-161907925.html,Stock,MMC,0.3674,0.9928,0.80518
The 2 Best Energy Stocks in the Invesco S&P 500 GARP ETF,Motley Fool,11/3/2024,https://finance.yahoo.com/m/263efb24-f43f-33ac-98e8-fdc9247e5fa1/the-2-best-energy-stocks-in.html,Stock,COP,0.3674,0.9975,0.80847
The 2 Best Energy Stocks in the Invesco S&P 500 GARP ETF,Motley Fool,11/3/2024,https://finance.yahoo.com/m/263efb24-f43f-33ac-98e8-fdc9247e5fa1/the-2-best-energy-stocks-in.html,Stock,OXY,0.3674,0.9975,0.80847
Is Aon plc (AON) the Best Insurance Brokerage Stock to Invest in Now?,Insider Monkey,11/3/2024,https://finance.yahoo.com/news/aon-plc-aon-best-insurance-161857093.html,Stock,AON,0.3674,0.9934,0.8055999999999999
AMZN Stock Popped After Q3  Is It Too Late to Buy Amazon Now?,Insider Monkey,11/3/2024,https://finance.yahoo.com/news/amzn-stock-popped-q3-too-161520433.html,Stock,AMZN,0.1791,0.9995,0.7533799999999999
Here Are the 3 Big Differences Between Costco and Sam's Club,Motley Fool,11/3/2024,https://finance.yahoo.com/m/67f69a64-0372-33e6-90fa-85c3b70dfd78/here-are-the-3-big.html,Stock,COST,0.0194,0.9969,0.70365
"When Elon Musk Sold His First Company, He Had A Choice: A House Or A McLaren F1. Here's How His Choice Ties Into The Elusive Tesla Roadster",Benzinga,11/3/2024,https://finance.yahoo.com/news/elon-musk-sold-first-company-160016460.html,Stock,TSLA,-0.0077,0.9738,0.6793499999999999
"Dividend Investor Earning $9,495 Per Month Regrets Not Focusing on Dividends Sooner, Shares His 10 Stock, ETF Picks",Benzinga,11/3/2024,https://finance.yahoo.com/news/dividend-investor-earning-9-495-160013510.html,Stock,QQQ,-0.0477,0.9982,0.6844299999999999
"Dividend Investor Earning $9,495 Per Month Regrets Not Focusing on Dividends Sooner, Shares His 10 Stock, ETF Picks",Benzinga,11/3/2024,https://finance.yahoo.com/news/dividend-investor-earning-9-495-160013510.html,Stock,SPY,-0.0477,0.9982,0.6844299999999999
The Vote Is In: Stock Funds Are Up 14.9% in 2024,The Wall Street Journal,11/3/2024,https://finance.yahoo.com/m/7c1f4b0c-b7f7-3505-a7e3-d0e9607e9914/the-vote-is-in%3A-stock-funds.html,Stock,GT,0.3612,-0.3496,-0.1363599999999999
The Vote Is In: Stock Funds Are Up 14.9% in 2024,The Wall Street Journal,11/3/2024,https://finance.yahoo.com/m/7c1f4b0c-b7f7-3505-a7e3-d0e9607e9914/the-vote-is-in%3A-stock-funds.html,Stock,HD,0.3612,-0.3496,-0.1363599999999999
The Vote Is In: Stock Funds Are Up 14.9% in 2024,The Wall Street Journal,11/3/2024,https://finance.yahoo.com/m/7c1f4b0c-b7f7-3505-a7e3-d0e9607e9914/the-vote-is-in%3A-stock-funds.html,Stock,INTC,0.3612,-0.3496,-0.1363599999999999
The Vote Is In: Stock Funds Are Up 14.9% in 2024,The Wall Street Journal,11/3/2024,https://finance.yahoo.com/m/7c1f4b0c-b7f7-3505-a7e3-d0e9607e9914/the-vote-is-in%3A-stock-funds.html,Stock,MSFT,0.3612,-0.3496,-0.1363599999999999
The Vote Is In: Stock Funds Are Up 14.9% in 2024,The Wall Street Journal,11/3/2024,https://finance.yahoo.com/m/7c1f4b0c-b7f7-3505-a7e3-d0e9607e9914/the-vote-is-in%3A-stock-funds.html,Stock,NVDA,0.3612,-0.3496,-0.1363599999999999
Threat of New York Times Tech Worker Strike on Election Day Grows,The Wall Street Journal,11/3/2024,https://finance.yahoo.com/m/ce333f29-c944-396f-8d2c-ef71e1b65209/threat-of-new-york-times-tech.html,Stock,NYT,0.0116,0.3643,0.25849
2 Ultimate Growth Stocks to Buy With $500 Right Now,Motley Fool,11/3/2024,https://finance.yahoo.com/m/5af1d879-38fc-3246-b344-3bef4a42d29c/2-ultimate-growth-stocks-to.html,Stock,PYPL,0.396,0.9991,0.81817
2 Ultimate Growth Stocks to Buy With $500 Right Now,Motley Fool,11/3/2024,https://finance.yahoo.com/m/5af1d879-38fc-3246-b344-3bef4a42d29c/2-ultimate-growth-stocks-to.html,Stock,CHWY,0.396,0.9991,0.81817
How Much Would It Take To Earn $100 A Month From Agree Realty Stock,Benzinga,11/3/2024,https://finance.yahoo.com/news/much-earn-100-month-agree-150014529.html,Stock,ADC,0.0361,0.9903,0.7040399999999999
How Harley-Davidson Is Seeking to Smooth Tensions With Disgruntled Dealers,The Wall Street Journal,11/3/2024,https://finance.yahoo.com/m/d6706469-20c5-3874-a330-d5f95bd457b3/how-harley-davidson-is.html,Stock,HOG,-0.4078,-0.2429,-0.2923699999999999
This Beaten-Down Stock Just Gave Investors More Good News: Is it a Buy?,Motley Fool,11/3/2024,https://finance.yahoo.com/m/68b04747-4c96-3526-af4d-4ecaa2af6814/this-beaten-down-stock-just.html,Stock,PFE,0.2582,0.9928,0.77242
Could This Near Trillion-Dollar Stock Be a Millionaire Maker?,Motley Fool,11/3/2024,https://finance.yahoo.com/m/a4241676-6a93-3f02-a65d-af2acac9bbf7/could-this-near.html,Stock,LLY,0.0,0.9986,0.69902
"The Stock Market Is Doing Something It Hasn't Done in Over a Half-Century, and It Could Signal a Big Move in 2025",Motley Fool,11/3/2024,https://finance.yahoo.com/m/0b9780b5-16af-3ee9-b4a1-926fcb7e6826/the-stock-market-is-doing.html,Stock,SPGI,0.0284,0.9962,0.7058599999999999
Is McDonald's Stock in Trouble?,Motley Fool,11/3/2024,https://finance.yahoo.com/m/8af85494-fe19-36f5-87c1-1f30d8c398e8/is-mcdonald%27s-stock-in.html,Stock,MCD,-0.0194,0.991,0.6878799999999999
These 5 Costco Products Can Help You Lose Weight,Motley Fool,11/3/2024,https://finance.yahoo.com/m/7fa8b729-e954-397f-86ac-1bc867bf3cc6/these-5-costco-products-can.html,Stock,COST,-0.0077,0.9982,0.6964299999999999
1 Wall Street Analyst Thinks Amazon Stock Is Going to $270. Is It a Buy?,Motley Fool,11/3/2024,https://finance.yahoo.com/m/9e145ded-fc96-3f06-8634-b914941f6c80/1-wall-street-analyst-thinks.html,Stock,AMZN,0.1864,0.9963,0.7533299999999999
Should You Buy Arm Stock Before Nov. 6?,Motley Fool,11/3/2024,https://finance.yahoo.com/m/404298df-cab8-37c2-8f23-78c26e8ce3d8/should-you-buy-arm-stock.html,Stock,ARM,0.009,0.995,0.6992
Should You Buy Arm Stock Before Nov. 6?,Motley Fool,11/3/2024,https://finance.yahoo.com/m/404298df-cab8-37c2-8f23-78c26e8ce3d8/should-you-buy-arm-stock.html,Stock,NVDA,0.009,0.995,0.6992
3 Top Energy Stocks to Buy in November,Motley Fool,11/3/2024,https://finance.yahoo.com/m/058a1950-af42-3a4c-bba3-74fccd218b4c/3-top-energy-stocks-to-buy-in.html,Stock,CVX,0.0297,0.9969,0.7067399999999999
3 Top Energy Stocks to Buy in November,Motley Fool,11/3/2024,https://finance.yahoo.com/m/058a1950-af42-3a4c-bba3-74fccd218b4c/3-top-energy-stocks-to-buy-in.html,Stock,EPD,0.0297,0.9969,0.7067399999999999
3 Top Energy Stocks to Buy in November,Motley Fool,11/3/2024,https://finance.yahoo.com/m/058a1950-af42-3a4c-bba3-74fccd218b4c/3-top-energy-stocks-to-buy-in.html,Stock,DVN,0.0297,0.9969,0.7067399999999999
Should You Buy Arm Stock Before Nov. 6?,Motley Fool,11/3/2024,https://finance.yahoo.com/m/404298df-cab8-37c2-8f23-78c26e8ce3d8/should-you-buy-arm-stock.html,Stock,ARM,0.009,0.995,0.6992
Should You Buy Arm Stock Before Nov. 6?,Motley Fool,11/3/2024,https://finance.yahoo.com/m/404298df-cab8-37c2-8f23-78c26e8ce3d8/should-you-buy-arm-stock.html,Stock,NVDA,0.009,0.995,0.6992
3 Top Energy Stocks to Buy in November,Motley Fool,11/3/2024,https://finance.yahoo.com/m/058a1950-af42-3a4c-bba3-74fccd218b4c/3-top-energy-stocks-to-buy-in.html,Stock,CVX,0.0297,0.9969,0.7067399999999999
3 Top Energy Stocks to Buy in November,Motley Fool,11/3/2024,https://finance.yahoo.com/m/058a1950-af42-3a4c-bba3-74fccd218b4c/3-top-energy-stocks-to-buy-in.html,Stock,EPD,0.0297,0.9969,0.7067399999999999
3 Top Energy Stocks to Buy in November,Motley Fool,11/3/2024,https://finance.yahoo.com/m/058a1950-af42-3a4c-bba3-74fccd218b4c/3-top-energy-stocks-to-buy-in.html,Stock,DVN,0.0297,0.9969,0.7067399999999999
Should You Buy Arm Stock Before Nov. 6?,Motley Fool,11/3/2024,https://finance.yahoo.com/m/404298df-cab8-37c2-8f23-78c26e8ce3d8/should-you-buy-arm-stock.html,Stock,ARM,0.009,0.995,0.6992
Should You Buy Arm Stock Before Nov. 6?,Motley Fool,11/3/2024,https://finance.yahoo.com/m/404298df-cab8-37c2-8f23-78c26e8ce3d8/should-you-buy-arm-stock.html,Stock,NVDA,0.009,0.995,0.6992
3 Top Energy Stocks to Buy in November,Motley Fool,11/3/2024,https://finance.yahoo.com/m/058a1950-af42-3a4c-bba3-74fccd218b4c/3-top-energy-stocks-to-buy-in.html,Stock,CVX,0.0297,0.9969,0.7067399999999999
3 Top Energy Stocks to Buy in November,Motley Fool,11/3/2024,https://finance.yahoo.com/m/058a1950-af42-3a4c-bba3-74fccd218b4c/3-top-energy-stocks-to-buy-in.html,Stock,EPD,0.0297,0.9969,0.7067399999999999
3 Top Energy Stocks to Buy in November,Motley Fool,11/3/2024,https://finance.yahoo.com/m/058a1950-af42-3a4c-bba3-74fccd218b4c/3-top-energy-stocks-to-buy-in.html,Stock,DVN,0.0297,0.9969,0.7067399999999999
Talen Energy Statement on FERC Order Rejecting Susquehanna ISA,GlobeNewswire,11/3/2024,https://www.globenewswire.com/news-release/2024/11/04/2973699/0/en/Talen-Energy-Statement-on-FERC-Order-Rejecting-Susquehanna-ISA.html,Stock,TLN,-0.4534,0.9764,0.54746
